cluster_id;alarm_id;ne_id;NOTE SPV;domain;network;ne_type;std_probable_cause_no;geo_code;first_occurrence;last_occurrence
23801;"EFMTX;65eeac8f89e9530001bd7c5d";romaitbh/ad64/1;CORRELAZIONE OK CLUSTER 23801;tx;sdh;ad64;guasto matrice;roma;2024-03-11 08:02:38;2024-03-11 19:36:19
23801;"EFMTX;65eeac8489e9530001bd7c33";romaitbh/ad64/1;CORRELAZIONE OK CLUSTER 23801;tx;sdh;ad64;guasto matrice;roma;2024-03-11 08:02:27;2024-03-11 19:36:19
23801;"EFMTX;65eeac9089e9530001bd7c6b";romaitbh/ad64/1;CORRELAZIONE OK CLUSTER 23801;tx;sdh;ad64;guasto matrice;roma;2024-03-11 08:02:38;2024-03-11 19:36:25
23801;"EFMTX;65eeac8389e9530001bd7c2d";romaitbh/ad64/1;CORRELAZIONE OK CLUSTER 23801;tx;sdh;ad64;guasto matrice;roma;2024-03-11 08:02:27;2024-03-11 19:36:19
23801;"EFMTX;65eeac8489e9530001bd7c35";romaitbh/ad64/1;CORRELAZIONE OK CLUSTER 23801;tx;sdh;ad64;guasto matrice;roma;2024-03-11 08:02:27;2024-03-11 19:36:25
23801;"EFMTX;65eeac8789e9530001bd7c4f";romaitbh/ad64/1;CORRELAZIONE OK CLUSTER 23801;tx;sdh;ad64;guasto matrice;roma;2024-03-11 08:02:28;2024-03-11 19:36:19
23801;"EFMTX;65eeac8689e9530001bd7c49";romaitbh/ad64/1;CORRELAZIONE OK CLUSTER 23801;tx;sdh;ad64;guasto matrice;roma;2024-03-11 08:02:27;2024-03-11 19:36:25
23801;"EFMTX;65eeac8e89e9530001bd7c52";romaitbh/ad64/1;CORRELAZIONE OK CLUSTER 23801;tx;sdh;ad64;guasto matrice;roma;2024-03-11 08:02:38;2024-03-11 19:36:26
23801;"EFMTX;65eeac9989e9530001bd7c7a";romaitbh/ad64/1;CORRELAZIONE OK CLUSTER 23801;tx;sdh;ad64;guasto matrice;roma;2024-03-11 08:02:49;2024-03-11 19:36:26
23801;"EFMTX;65eeac8789e9530001bd7c4d";romaitbh/ad64/1;CORRELAZIONE OK CLUSTER 23801;tx;sdh;ad64;guasto matrice;roma;2024-03-11 08:02:27;2024-03-11 19:36:24
23801;"EFMTX;65eeac8e89e9530001bd7c56";romaitbh/ad64/1;CORRELAZIONE OK CLUSTER 23801;tx;sdh;ad64;guasto matrice;roma;2024-03-11 08:02:38;2024-03-11 19:36:26
23801;"EFMTX;65eeac8689e9530001bd7c41";romaitbh/ad64/1;CORRELAZIONE OK CLUSTER 23801;tx;sdh;ad64;guasto matrice;roma;2024-03-11 08:02:27;2024-03-11 19:36:19
23801;"EFMTX;65eeac8389e9530001bd7c2b";romaitbh/ad64/1;CORRELAZIONE OK CLUSTER 23801;tx;sdh;ad64;guasto matrice;roma;2024-03-11 08:02:27;2024-03-11 19:36:19
23801;"EFMTX;65eeac8389e9530001bd7c2f";romaitbh/ad64/1;CORRELAZIONE OK CLUSTER 23801;tx;sdh;ad64;guasto matrice;roma;2024-03-11 08:02:27;2024-03-11 19:36:19
23801;"EFMTX;65eeac8489e9530001bd7c31";romaitbh/ad64/1;CORRELAZIONE OK CLUSTER 23801;tx;sdh;ad64;guasto matrice;roma;2024-03-11 08:02:27;2024-03-11 19:36:25
23801;"EFMTX;65eeac8589e9530001bd7c3b";romaitbh/ad64/1;CORRELAZIONE OK CLUSTER 23801;tx;sdh;ad64;guasto matrice;roma;2024-03-11 08:02:27;2024-03-11 19:36:25
23801;"EFMTX;65eeac8589e9530001bd7c3d";romaitbh/ad64/1;CORRELAZIONE OK CLUSTER 23801;tx;sdh;ad64;guasto matrice;roma;2024-03-11 08:02:27;2024-03-11 19:36:19
23801;"EFMTX;65eeac8589e9530001bd7c3f";romaitbh/ad64/1;CORRELAZIONE OK CLUSTER 23801;tx;sdh;ad64;guasto matrice;roma;2024-03-11 08:02:27;2024-03-11 19:36:25
23801;"EFMTX;65eeac8689e9530001bd7c45";romaitbh/ad64/1;CORRELAZIONE OK CLUSTER 23801;tx;sdh;ad64;guasto matrice;roma;2024-03-11 08:02:27;2024-03-11 19:36:19
23801;"EFMTX;65eeac8689e9530001bd7c47";romaitbh/ad64/1;CORRELAZIONE OK CLUSTER 23801;tx;sdh;ad64;guasto matrice;roma;2024-03-11 08:02:27;2024-03-11 19:36:26
23801;"EFMTX;65eeac8e89e9530001bd7c54";romaitbh/ad64/1;CORRELAZIONE OK CLUSTER 23801;tx;sdh;ad64;guasto matrice;roma;2024-03-11 08:02:38;2024-03-11 19:36:26
23801;"EFMTX;65eeac8f89e9530001bd7c5b";romaitbh/ad64/1;CORRELAZIONE OK CLUSTER 23801;tx;sdh;ad64;guasto matrice;roma;2024-03-11 08:02:38;2024-03-11 19:36:19
23801;"EFMTX;65eeac9089e9530001bd7c65";romaitbh/ad64/1;CORRELAZIONE OK CLUSTER 23801;tx;sdh;ad64;guasto matrice;roma;2024-03-11 08:02:38;2024-03-11 19:36:19
23801;"EFMTX;65eeac9089e9530001bd7c69";romaitbh/ad64/1;CORRELAZIONE OK CLUSTER 23801;tx;sdh;ad64;guasto matrice;roma;2024-03-11 08:02:38;2024-03-11 19:36:26
23801;"EFMTX;65eeaca489e9530001bd7c8e";romaitbh/ad64/1;CORRELAZIONE OK CLUSTER 23801;tx;sdh;ad64;guasto matrice;roma;2024-03-11 08:03:00;2024-03-11 19:36:26
23801;"EFMTX;65eeaca489e9530001bd7c92";romaitbh/ad64/1;CORRELAZIONE OK CLUSTER 23801;tx;sdh;ad64;guasto matrice;roma;2024-03-11 08:03:00;2024-03-11 19:36:26
23801;"EFMTX;65eeaca489e9530001bd7c94";romaitbh/ad64/1;CORRELAZIONE OK CLUSTER 23801;tx;sdh;ad64;guasto matrice;roma;2024-03-11 08:03:00;2024-03-11 19:36:26
23801;"EFMTX;65eeaca589e9530001bd7c96";romaitbh/ad64/1;CORRELAZIONE OK CLUSTER 23801;tx;sdh;ad64;guasto matrice;roma;2024-03-11 08:03:00;2024-03-11 19:36:26
23801;"EFMTX;65eeaca489e9530001bd7c8a";romaitbh/ad64/1;CORRELAZIONE OK CLUSTER 23801;tx;sdh;ad64;guasto matrice;roma;2024-03-11 08:03:00;2024-03-11 19:36:26
23801;"EFMTX;65eeaca489e9530001bd7c8c";romaitbh/ad64/1;CORRELAZIONE OK CLUSTER 23801;tx;sdh;ad64;guasto matrice;roma;2024-03-11 08:03:00;2024-03-11 19:36:26
23801;"EFMTX;65eeaca489e9530001bd7c90";romaitbh/ad64/1;CORRELAZIONE OK CLUSTER 23801;tx;sdh;ad64;guasto matrice;roma;2024-03-11 08:03:00;2024-03-11 19:36:26
23801;"EFMTX;65eeaca989e9530001bd7c9b";romaitbh/ad64/1;CORRELAZIONE OK CLUSTER 23801;tx;sdh;ad64;guasto matrice;roma;2024-03-11 08:03:05;2024-03-11 19:36:26
23801;"EFMTX;65eeaca989e9530001bd7c9d";romaitbh/ad64/1;CORRELAZIONE OK CLUSTER 23801;tx;sdh;ad64;guasto matrice;roma;2024-03-11 08:03:05;2024-03-11 19:36:26
23801;"EFMTX;65eeaca989e9530001bd7c99";romaitbh/ad64/1;CORRELAZIONE OK CLUSTER 23801;tx;sdh;ad64;guasto matrice;roma;2024-03-11 08:03:05;2024-03-11 19:36:26
23801;"EFMTX;65eeaca989e9530001bd7c9f";romaitbh/ad64/1;CORRELAZIONE OK CLUSTER 23801;tx;sdh;ad64;guasto matrice;roma;2024-03-11 08:03:05;2024-03-11 19:36:26
23801;"EFMTX;65eeada56423e50001f28362";romaitdm/adm4/5;CORRELAZIONE ERRATA SU CLUSTER 23801;tx;sdh;adm4;loss of pointer lop;roma;2024-03-11 08:07:17;2024-03-11 08:43:55
23801;"EFMTX;65eeada56423e50001f28364";romaitdm/adm4/5;CORRELAZIONE ERRATA SU CLUSTER 23801;tx;sdh;adm4;loss of pointer lop;roma;2024-03-11 08:07:17;2024-03-11 08:43:57
23801;"EFMTX;65eeada66423e50001f28368";romaitdm/adm4/5;CORRELAZIONE ERRATA SU CLUSTER 23801;tx;sdh;adm4;loss of pointer lop;roma;2024-03-11 08:07:18;2024-03-11 08:43:54
23801;"EFMTX;65eeada66423e50001f2836a";romaitdm/adm4/5;CORRELAZIONE ERRATA SU CLUSTER 23801;tx;sdh;adm4;loss of pointer lop;roma;2024-03-11 08:07:18;2024-03-11 08:43:56
23801;"EFMTX;65eeae026423e50001f28389";romaitdm/adm4/5;CORRELAZIONE ERRATA SU CLUSTER 23801;tx;sdh;adm4;loss of pointer lop;roma;2024-03-11 08:08:50;2024-03-11 08:43:53
23895;"EFMTX;65eeb0f31cf17b000167d3db";latiitfc/prer/1;CORRELAZIONE OK CLUSTER 23895;tx;sdh;prer;potenza bassa su sfp lan down;lati;2024-03-11 08:21:22;2024-03-11 09:49:52
23895;"EFMTX;65eeb0f31cf17b000167d3df";latiitfc/prer/1;CORRELAZIONE OK CLUSTER 23895;tx;sdh;prer;ethernet link down;lati;2024-03-11 08:21:22;2024-03-11 09:49:52
23895;"EFMTX;65eeb0f21cf17b000167d3d7";latiitfc/prer/1;CORRELAZIONE OK CLUSTER 23895;tx;sdh;prer;loss of signal los;lati;2024-03-11 08:21:22;2024-03-11 09:40:25
23895;"EFMTX;65eeb0f25e16e30001ac43e0";latiitan/prer/1;CORRELAZIONE OK CLUSTER 23895;tx;sdh;prer;allarme protezione;lati;2024-03-11 08:21:22;2024-03-11 09:04:30
23895;"EFMTX;65eeb11953da8b00018bc714";latiitan/prer/3;CORRELAZIONE ERRATA SU CLUSTER 23895;tx;sdh;prer;signal degraded;lati;2024-03-11 08:22:00;2024-03-13 12:51:06
23895;"EFMTX;65eeb0f21cf17b000167d3d9";latiitfc/prer/1;CORRELAZIONE OK CLUSTER 23895;tx;sdh;prer;scheda guasta;lati;2024-03-11 08:21:22;2024-03-11 09:40:25
23982;"EFMTX;65eeb25b4235370001fece6e";romaitqm/ad64/2;CORRELAZIONE ERRATA SU CLUSTER 23982;tx;sdh;ad64;apparato isolato;roma;2024-03-11 08:27:23;2024-03-11 09:33:42
23982;"EFMTX;65eeb2761cf17b000167d76c";romaitgck85/dxc/5;CORRELAZIONE ERRATA SU CLUSTER 23982;tx;sdh;dxc;signal degraded;roma;2024-03-11 08:27:50;2024-03-11 08:34:51
23982;"EFMTX;65eeb2d27a13f70001b9a472";romaitdg/oadm/19;CORRELAZIONE ERRATA SU CLUSTER 23982;tx;sdh;oadm;signal degraded;roma;2024-03-11 08:29:22;2024-03-11 09:41:13
24048;"EFM;65eeb40aee67170001606683";gbscrm063;CORRELAZIONE OK CLUSTER 24048;mob;an;erbsc;cell logical channel availability supervision;roma;2024-03-11 08:34:34;2024-03-11 10:20:05
24048;"EFM;65eeb480ee671700016066ca";gbscrm063;CORRELAZIONE OK CLUSTER 24048;mob;an;erbsc;cell logical channel availability supervision;roma;2024-03-11 08:36:32;2024-03-11 10:24:03
24048;"EFM;65eeb480ee671700016066cb";gbscrm063;CORRELAZIONE OK CLUSTER 24048;mob;an;erbsc;cell logical channel availability supervision;roma;2024-03-11 08:36:32;2024-03-11 10:24:03
24048;"EFMTX;65eeb4d0ce901400013b4a4e";romaitgc/ad16/181;CORRELAZIONE OK CLUSTER 24048;tx;sdh;ad16;sef sef;roma;2024-03-11 08:37:52;2024-03-13 08:36:15
24256;"EFMTX;65eeb8b76423e50001f28bbd";romaitgc/wdm/303;CORRELAZIONE ERRATA SU CLUSTER 24256;tx;sdh;wdm;signal degraded;roma;2024-03-11 08:54:31;2024-03-11 11:51:44
24256;"EFM;65eebafb7dcf4f000138f93a";1rrurm077;CORRELAZIONE ERRATA SU CLUSTER 24256;mob;an;lerru;fermo totale rru lte;roma;2024-03-11 09:04:11;2024-03-11 16:10:40
24256;"EFMTX;65eebc0589e9530001bd8dab";romaitbh/ad64/1;CORRELAZIONE ERRATA SU CLUSTER 24256;tx;sdh;ad64;guasto matrice;roma;2024-03-11 09:08:36;2024-03-11 19:15:36
24256;"EFMTX;65eebc0689e9530001bd8db2";romaitbh/ad64/1;CORRELAZIONE ERRATA SU CLUSTER 24256;tx;sdh;ad64;guasto matrice;roma;2024-03-11 09:08:37;2024-03-11 19:15:36
24256;"EFMTX;65eebc0789e9530001bd8dbc";romaitbh/ad64/1;CORRELAZIONE ERRATA SU CLUSTER 24256;tx;sdh;ad64;guasto matrice;roma;2024-03-11 09:08:37;2024-03-11 19:15:36
24256;"EFMTX;65eebc0589e9530001bd8da6";romaitbh/ad64/1;CORRELAZIONE ERRATA SU CLUSTER 24256;tx;sdh;ad64;guasto matrice;roma;2024-03-11 09:08:36;2024-03-11 19:15:35
24256;"EFMTX;65eebbff89e9530001bd8d96";romaitbh/ad64/1;CORRELAZIONE ERRATA SU CLUSTER 24256;tx;sdh;ad64;guasto matrice;roma;2024-03-11 09:08:31;2024-03-11 19:15:35
24256;"EFM;65eebafb7dcf4f000138f939";1rrurm077;CORRELAZIONE ERRATA SU CLUSTER 24256;mob;an;lerru;fermo parziale rru lte;roma;2024-03-11 09:04:11;2024-03-11 16:10:40
24256;"EFMTX;65eeb9387a13f70001b9a92c";romaitdgk85/dxc/5;CORRELAZIONE ERRATA SU CLUSTER 24256;tx;sdh;dxc;loss of signal los;roma;2024-03-11 08:56:40;2024-03-11 08:59:07
24256;"EFMTX;65eeb9d053da8b00018bd11c";romaitdgk83/dxc/3;CORRELAZIONE ERRATA SU CLUSTER 24256;tx;sdh;dxc;loss of signal los;roma;2024-03-11 08:59:11;2024-03-11 09:01:37
24432;"EFM;65eebe1a22c47e0001586dcc";8btsri079;CORRELAZIONE OK SU CLUSTER 24432;mob;an;lebts;fermo totale lte;brgr;2024-03-11 09:17:29;2024-03-11 10:05:03
24432;"EFMTX;65eebd696423e50001f28fd9";brgritbg/prer/1;CORRELAZIONE OK SU CLUSTER 24432;tx;sdh;prer;apparato isolato pr;brgr;2024-03-11 09:14:33;2024-03-11 10:09:23
24432;"EFM;65eebf5e7dcf4f000138f987";8btsri022;CORRELAZIONE ERRATA SU CLUSTER 24432;mob;an;lebts;fermo totale sito;brgr;2024-03-11 09:22:53;2024-03-11 10:54:53
24432;"EFM;65eebf5e7dcf4f000138f988";8btsri022;CORRELAZIONE ERRATA SU CLUSTER 24432;mob;an;lebts;fermo parziale sito;brgr;2024-03-11 09:22:54;2024-03-11 11:03:17
24667;"EFMTX;65eec16bcd606500014b33bc";romaitgc/oadm/14;CORRELAZIONE ERRATA SU CLUSTER 24667;tx;sdh;oadm;loss of signal los;roma;2024-03-11 09:31:39;2024-03-11 14:14:37
24667;"EFMTX;65eec14dcd606500014b33a8";romaitgc/oadm/14;CORRELAZIONE ERRATA SU CLUSTER 24667;tx;sdh;oadm;loss of signal los;roma;2024-03-11 09:31:09;2024-03-11 13:52:38
24667;"EFMTX;65eec1e85e16e30001ac4424";romaitgcbbj/vetritag;CORRELAZIONE ERRATA SU CLUSTER 24667;tx;sdh;;signal degraded;roma;2024-03-11 09:33:44;2024-03-11 13:06:06
24810;"EFM;65eec56755c5eb0001302fa2";8btsrm836;CORRELAZIONE OK CLUSTER 24810 - bts stesso sito;mob;an;lebts;fermo parziale lte;romd;2024-03-11 09:48:38;2024-03-11 14:31:24
24810;"EFM;65eec5687dcf4f000138fa15";2btsrm836;CORRELAZIONE OK CLUSTER 24810 - bts stesso sito;mob;an;lebts;fermo totale lte;romd;2024-03-11 09:48:39;2024-03-11 14:31:26
24810;"EFM;65eec56722c47e0001586e38";nbtsrm836;CORRELAZIONE OK CLUSTER 24810 - bts stesso sito;mob;an;lebts;fermo cella iot;romd;2024-03-11 09:48:39;2024-03-11 14:31:24
24810;"EFM;65eec5677dcf4f000138fa12";2btsrm836;CORRELAZIONE OK CLUSTER 24810 - bts stesso sito;mob;an;lebts;fermo parziale lte;romd;2024-03-11 09:48:38;2024-03-11 14:31:30
24821;"EFM;65eec72a7dcf4f000138fa35";8btsfr026;CORRELAZIONE OK SU CLUSTER 24821;mob;an;lebts;fermo totale sito;fiug;2024-03-11 09:56:10;2024-03-11 12:20:50
24821;"EFMTX;65eec67cf70d760001d5cad0";fiugitab/adsl/100;CORRELAZIONE OK SU CLUSTER 24821;tx;adsl;adsl;fermo totale apparato;fiug;2024-03-11 09:53:16;2024-03-11 12:15:30
24821;"EFMTX;65eec78ca379550001bb18af";fiugitad/ad16/1;CORRELAZIONE OK SU CLUSTER 24821;tx;sdh;ad16;loss of signal los;fiug;2024-03-11 09:57:48;2024-03-11 12:16:16
24821;"EFMTX;65eec7c5cd606500014b398b";fiugitae/ad16/1;CORRELAZIONE OK SU CLUSTER 24821;tx;sdh;ad16;loss of signal los;fiug;2024-03-11 09:58:45;2024-03-11 12:15:21
24821;"EFM;65eec72b7dcf4f000138fa36";8btsfr026;CORRELAZIONE OK SU CLUSTER 24821;mob;an;lebts;fermo parziale sito;fiug;2024-03-11 09:56:10;2024-03-12 10:55:35
24821;"EFM;65eec68b55c5eb0001302fad";gbtsfr026;CORRELAZIONE OK SU CLUSTER 24821;mob;an;erbts;fermo parziale gsm;fiug;2024-03-11 09:53:31;2024-03-12 10:55:33
25111;"EFM;65eecaf17dcf4f000138fab1";dbtsrm63a;CORRELAZIONE ERRATA SU CLUSTER 25111;mob;an;erbts;fermo totale sito;romc;2024-03-11 10:12:16;2024-03-11 10:22:34
25111;"EFM;65eecaf27dcf4f000138fab2";dbtsrm63a;CORRELAZIONE ERRATA SU CLUSTER 25111;mob;an;erbts;fermo parziale sito;romc;2024-03-11 10:12:17;2024-03-11 10:26:15
25111;"EFM;65eecbf422c47e0001586eff";2btsrm0bd;CORRELAZIONE ERRATA SU CLUSTER 25111;mob;an;lebts;fermo totale bbu lte;romc;2024-03-11 10:16:36;2024-03-11 10:20:57
25112;"EFM;65eecb1422c47e0001586eed";2btsrm59f;CORRELAZIONE OK CLUSTER 25112 - bts stesso sito;mob;an;lebts;fermo parziale lte;romd;2024-03-11 10:12:52;2024-03-11 13:59:17
25112;"EFM;65eecb5f55c5eb000130303f";nbtsrm59f;CORRELAZIONE OK CLUSTER 25112 - bts stesso sito;mob;an;lebts;fermo cella iot;romd;2024-03-11 10:14:07;2024-03-11 13:58:40
25112;"EFM;65eecb8d55c5eb0001303043";nbtsrm59f;CORRELAZIONE OK CLUSTER 25112 - bts stesso sito;mob;an;lebts;fermo cella iot;romd;2024-03-11 10:14:53;2024-03-11 13:58:40
25112;"EFM;65eecb5f7dcf4f000138fab6";obtsrm59f;CORRELAZIONE OK CLUSTER 25112 - bts stesso sito;mob;an;vebts;fermo parziale 5g;romd;2024-03-11 10:14:07;2024-03-11 14:48:20
25112;"EFM;65eecb3122c47e0001586eef";7btsrm59f;CORRELAZIONE OK CLUSTER 25112 - bts stesso sito;mob;an;vebts;fermo parziale 5g;romd;2024-03-11 10:13:21;2024-03-11 14:06:09
25170;"EFM;65eecce17dcf4f000138fae8";2btsrm1f9;CORRELAZIONE ERRATA SU CLUSTER 25170;mob;an;lebts;fermo totale sito tec;roma;2024-03-11 10:20:32;2024-03-11 14:00:23
25170;"EFMTX;65eece567a13f70001b9c50d";romaitdg/pxm3/3;CORRELAZIONE ERRATA SU CLUSTER 25170;tx;sdh;pxm3;loss of signal los;roma;2024-03-11 10:26:46;2024-03-11 13:23:45
25170;"EFMTX;65eece567a13f70001b9c511";romaitdg/pxm3/3;CORRELAZIONE ERRATA SU CLUSTER 25170;tx;sdh;pxm3;loss of signal los;roma;2024-03-11 10:26:46;2024-03-11 13:23:45
25170;"EFMTX;65eecc8d06e2d20001aeb8dc";romaitgc/pxm3/2;CORRELAZIONE ERRATA SU CLUSTER 25170;tx;sdh;pxm3;loss of signal los;roma;2024-03-11 10:19:09;2024-03-11 12:12:08
25170;"EFM;65eecce27dcf4f000138fae9";2btsrm1f9;CORRELAZIONE ERRATA SU CLUSTER 25170;mob;an;lebts;fermo parziale sito tec;roma;2024-03-11 10:20:33;2024-03-11 14:04:14
25170;"EFM;65eecc1c7dcf4f000138fad9";gbtsrm1f9;CORRELAZIONE ERRATA SU CLUSTER 25170;mob;an;erbts;fermo parziale gsm;roma;2024-03-11 10:17:16;2024-03-11 14:04:12
25170;"EFMTX;65eecf707a13f70001b9c666";romaitdg/pxm3/3;CORRELAZIONE ERRATA SU CLUSTER 25170;tx;sdh;pxm3;loss of signal los;roma;2024-03-11 10:31:28;2024-03-11 11:07:38
25389;"EFMTX;65eed22df70d760001d5cb08";civiitad/romaitgc;CORRELAZIONE OK CLUSTER 25389;tx;sdh;;loss of signal los;civi;2024-03-11 10:43:09;2024-03-11 12:16:10
25389;"EFMTX;65eed2a55e16e30001ac446e";civiitad/romaitgc;CORRELAZIONE OK CLUSTER 25389;tx;sdh;;receiverfailure och internal receiver failure;civi;2024-03-11 10:45:09;2024-03-11 12:15:24
25389;"EFMTX;65eed1325e16e30001ac4461";civiitad/pxm3/1;CORRELAZIONE OK CLUSTER 25389;tx;sdh;pxm3;optical power rx low opr lt;civi;2024-03-11 10:38:58;2024-03-11 11:21:39
25389;"EFMTX;65eed1335e16e30001ac4462";civiitad/pxm3/1;CORRELAZIONE OK CLUSTER 25389;tx;sdh;pxm3;optical power rx low opr lt;civi;2024-03-11 10:38:59;2024-03-11 11:30:45
25389;"EFMTX;65eed21e53da8b00018bf1c5";civiitad/pxm3/1;CORRELAZIONE OK CLUSTER 25389;tx;sdh;pxm3;loss of signal los;civi;2024-03-11 10:42:54;2024-03-11 11:10:11
25393;"EFMTX;65eed22d2df6860001e3b999";ladiitak/romaitgc;CORRELAZIONE OK CLUSTER 25389;tx;sdh;;receiverfailure och internal receiver failure;ladi;2024-03-11 10:43:09;2024-03-11 12:15:38
25393;"EFMTX;65eed22d2df6860001e3b998";ladiitak/romaitgc;CORRELAZIONE OK CLUSTER 25389;tx;sdh;;receiverfailure och internal receiver failure;ladi;2024-03-11 10:43:09;2024-03-11 12:16:10
25393;"EFMTX;65eed2695e16e30001ac446d";ladiitak/romaitgc;CORRELAZIONE OK CLUSTER 25389;tx;sdh;;receiverfailure och internal receiver failure;ladi;2024-03-11 10:44:09;2024-03-11 12:15:23
25393;"EFMTX;65eed2a506e2d20001aeb8eb";ladiitak/romaitgc;CORRELAZIONE OK CLUSTER 25389;tx;sdh;;receiverfailure och internal receiver failure;ladi;2024-03-11 10:45:09;2024-03-11 12:15:24
25393;"EFMTX;65eed1477a13f70001b9c8b2";ladiitak/pxm3/1;CORRELAZIONE OK CLUSTER 25389;tx;sdh;pxm3;optical power rx low opr lt;ladi;2024-03-11 10:39:19;2024-03-11 11:10:02
25393;"EFMTX;65eed1477a13f70001b9c8b6";ladiitak/pxm3/1;CORRELAZIONE OK CLUSTER 25389;tx;sdh;pxm3;optical power rx low opr lt;ladi;2024-03-11 10:39:19;2024-03-11 11:12:51
25400;"EFMTX;65eed1e6ce901400013b69d9";romaitbh/pxm3/1;CORRELAZIONE ERRATA SU CLUSTER 25400;tx;sdh;pxm3;receiverfailure och internal receiver failure;roma;2024-03-11 10:41:58;2024-03-11 12:16:09
25400;"EFMTX;65eed1e3ce901400013b69d1";romaitbh/pxm3/1;CORRELAZIONE ERRATA SU CLUSTER 25400;tx;sdh;pxm3;receiverfailure och internal receiver failure;roma;2024-03-11 10:41:55;2024-03-11 12:15:24
25400;"EFMTX;65eed1e4ce901400013b69d3";romaitbh/pxm3/1;CORRELAZIONE ERRATA SU CLUSTER 25400;tx;sdh;pxm3;receiverfailure och internal receiver failure;roma;2024-03-11 10:41:56;2024-03-11 12:15:38
25400;"EFMTX;65eed21fce901400013b6a26";romaitbh/pxm3/1;CORRELAZIONE ERRATA SU CLUSTER 25400;tx;sdh;pxm3;receiverfailure och internal receiver failure;roma;2024-03-11 10:42:55;2024-03-11 12:15:25
25400;"EFMTX;65eed23ece901400013b6a58";romaitbh/pxm3/1;CORRELAZIONE ERRATA SU CLUSTER 25400;tx;sdh;pxm3;receiverfailure och internal receiver failure;roma;2024-03-11 10:43:26;2024-03-11 12:15:27
25400;"EFMTX;65eed23ece901400013b6a5a";romaitbh/pxm3/1;CORRELAZIONE ERRATA SU CLUSTER 25400;tx;sdh;pxm3;receiverfailure och internal receiver failure;roma;2024-03-11 10:43:26;2024-03-11 12:15:24
25400;"EFMTX;65eed23ece901400013b6a5c";romaitbh/pxm3/1;CORRELAZIONE ERRATA SU CLUSTER 25400;tx;sdh;pxm3;receiverfailure och internal receiver failure;roma;2024-03-11 10:43:26;2024-03-11 12:15:24
25400;"EFMTX;65eed23fce901400013b6a60";romaitbh/pxm3/1;CORRELAZIONE ERRATA SU CLUSTER 25400;tx;sdh;pxm3;receiverfailure och internal receiver failure;roma;2024-03-11 10:43:27;2024-03-11 12:15:25
25400;"EFMTX;65eed240ce901400013b6a62";romaitbh/pxm3/1;CORRELAZIONE ERRATA SU CLUSTER 25400;tx;sdh;pxm3;loss of signal los;roma;2024-03-11 10:43:28;2024-03-11 12:15:25
25400;"EFMTX;65eed23dce901400013b6a4e";romaitbh/pxm3/1;CORRELAZIONE ERRATA SU CLUSTER 25400;tx;sdh;pxm3;receiverfailure och internal receiver failure;roma;2024-03-11 10:43:25;2024-03-11 12:15:27
25400;"EFMTX;65eed23dce901400013b6a50";romaitbh/pxm3/1;CORRELAZIONE ERRATA SU CLUSTER 25400;tx;sdh;pxm3;receiverfailure och internal receiver failure;roma;2024-03-11 10:43:25;2024-03-11 12:16:16
25400;"EFMTX;65eed23dce901400013b6a53";romaitbh/pxm3/1;CORRELAZIONE ERRATA SU CLUSTER 25400;tx;sdh;pxm3;receiverfailure och internal receiver failure;roma;2024-03-11 10:43:25;2024-03-11 12:16:10
25400;"EFMTX;65eed242ce901400013b6a67";romaitbh/pxm3/1;CORRELAZIONE ERRATA SU CLUSTER 25400;tx;sdh;pxm3;loss of signal los;roma;2024-03-11 10:43:30;2024-03-11 12:15:38
25400;"EFMTX;65eed22df70d760001d5cb08";civiitad/romaitgc;CORRELAZIONE ERRATA SU CLUSTER 25400;tx;sdh;;loss of signal los;roma;2024-03-11 10:43:09;2024-03-11 12:16:10
25400;"EFMTX;65eed22d2df6860001e3b999";ladiitak/romaitgc;CORRELAZIONE ERRATA SU CLUSTER 25400;tx;sdh;;receiverfailure och internal receiver failure;roma;2024-03-11 10:43:09;2024-03-11 12:15:38
25400;"EFMTX;65eed22d5e16e30001ac446a";romaitdr/romaitgc;CORRELAZIONE ERRATA SU CLUSTER 25400;tx;sdh;;receiverfailure och internal receiver failure;roma;2024-03-11 10:43:09;2024-03-11 12:16:16
25400;"EFMTX;65eed22d2df6860001e3b998";ladiitak/romaitgc;CORRELAZIONE ERRATA SU CLUSTER 25400;tx;sdh;;receiverfailure och internal receiver failure;roma;2024-03-11 10:43:09;2024-03-11 12:16:10
25400;"EFMTX;65eed2694b89930001d056f3";romaitdr/romaitgc;CORRELAZIONE ERRATA SU CLUSTER 25400;tx;sdh;;receiverfailure och internal receiver failure;roma;2024-03-11 10:44:09;2024-03-11 12:16:16
25400;"EFMTX;65eed2692df6860001e3b99a";romaiteh/romaitgc;CORRELAZIONE ERRATA SU CLUSTER 25400;tx;sdh;;receiverfailure och internal receiver failure;roma;2024-03-11 10:44:09;2024-03-11 12:15:27
25400;"EFMTX;65eed2694b89930001d056f2";romaitgc/romaitgt;CORRELAZIONE ERRATA SU CLUSTER 25400;tx;sdh;;receiverfailure och internal receiver failure;roma;2024-03-11 10:44:09;2024-03-11 12:15:27
25400;"EFMTX;65eed2695e16e30001ac446c";romaiteh/romaitgc;CORRELAZIONE ERRATA SU CLUSTER 25400;tx;sdh;;receiverfailure och internal receiver failure;roma;2024-03-11 10:44:09;2024-03-11 12:15:27
25400;"EFMTX;65eed269f70d760001d5cb0b";romaitgc/romaitgt;CORRELAZIONE ERRATA SU CLUSTER 25400;tx;sdh;;receiverfailure och internal receiver failure;roma;2024-03-11 10:44:09;2024-03-11 12:15:23
25400;"EFMTX;65eed26906e2d20001aeb8ea";romaiteh/romaitgc;CORRELAZIONE ERRATA SU CLUSTER 25400;tx;sdh;;receiverfailure och internal receiver failure;roma;2024-03-11 10:44:09;2024-03-11 12:15:24
25400;"EFMTX;65eed2695e16e30001ac446d";ladiitak/romaitgc;CORRELAZIONE ERRATA SU CLUSTER 25400;tx;sdh;;receiverfailure och internal receiver failure;roma;2024-03-11 10:44:09;2024-03-11 12:15:23
25400;"EFMTX;65eed2a506e2d20001aeb8eb";ladiitak/romaitgc;CORRELAZIONE ERRATA SU CLUSTER 25400;tx;sdh;;receiverfailure och internal receiver failure;roma;2024-03-11 10:45:09;2024-03-11 12:15:24
25400;"EFMTX;65eed2a55e16e30001ac446e";civiitad/romaitgc;CORRELAZIONE ERRATA SU CLUSTER 25400;tx;sdh;;receiverfailure och internal receiver failure;roma;2024-03-11 10:45:09;2024-03-11 12:15:24
25400;"EFMTX;65eed6ca47128a0001aa5214";romaitgc/olt/6;CORRELAZIONE ERRATA SU CLUSTER 25400;tx;sdh;olt;loss of frame lof;roma;2024-03-11 11:02:50;2024-03-11 11:04:32
25400;"EFMTX;65eed241ce901400013b6a65";romaitbh/pxm3/1;CORRELAZIONE ERRATA SU CLUSTER 25400;tx;sdh;pxm3;ferf och bdi;roma;2024-03-11 10:43:29;2024-03-11 12:15:25
25400;"EFMTX;65eed7125e16e30001ac4481";romaitbe/romaitdg;CORRELAZIONE ERRATA SU CLUSTER 25400;tx;sdh;;lossofwavelength och low;roma;2024-03-11 11:04:02;2024-03-12 04:14:59
25400;"EFMTX;65eed447cd606500014b4698";romaitgc/oadm/14;CORRELAZIONE ERRATA SU CLUSTER 25400;tx;sdh;oadm;loss of frame lof;roma;2024-03-11 10:52:06;2024-03-11 14:11:04
25400;"EFMTX;65eed5b206e2d20001aeb8fd";atinital/romaitgck85;CORRELAZIONE ERRATA SU CLUSTER 25400;tx;sdh;;signal degraded;roma;2024-03-11 10:58:10;2024-03-12 06:36:07
25400;"EFMTX;65eed7a753da8b00018bf940";romaitgc/oadm/4;CORRELAZIONE ERRATA SU CLUSTER 25400;tx;sdh;oadm;degrado laser tx;roma;2024-03-11 11:06:31;2024-03-15 23:59:45
25400;"EFMTX;65eed7ec53da8b00018bf996";romaitgc/oadm/4;CORRELAZIONE ERRATA SU CLUSTER 25400;tx;sdh;oadm;degrado laser tx;roma;2024-03-11 11:07:40;2024-03-13 06:29:54
25400;"EFMTX;65eed54ea379550001bb27c6";romaitgck85/dxc/5;CORRELAZIONE ERRATA SU CLUSTER 25400;tx;sdh;dxc;signal degraded;roma;2024-03-11 10:56:30;2024-03-15 18:10:44
25400;"EFMTX;65eed108cd606500014b438e";romaitgc/pxm3/1;CORRELAZIONE ERRATA SU CLUSTER 25400;tx;sdh;pxm3;optical power rx low opr lt;roma;2024-03-11 10:38:16;2024-03-11 12:10:44
25400;"EFMTX;65eed108cd606500014b4390";romaitgc/pxm3/1;CORRELAZIONE ERRATA SU CLUSTER 25400;tx;sdh;pxm3;optical power rx low opr lt;roma;2024-03-11 10:38:16;2024-03-11 12:10:44
25400;"EFMTX;65eed108cd606500014b4392";romaitgc/pxm3/1;CORRELAZIONE ERRATA SU CLUSTER 25400;tx;sdh;pxm3;optical power rx low opr lt;roma;2024-03-11 10:38:16;2024-03-11 12:10:44
25400;"EFMTX;65eed14706e2d20001aeb8e7";romaitgt/pxm3/1;CORRELAZIONE ERRATA SU CLUSTER 25400;tx;sdh;pxm3;optical power rx low opr lt;roma;2024-03-11 10:39:19;2024-03-11 12:04:04
25400;"EFMTX;65eed16b47128a0001aa4e23";romaitbh/pxm3/1;CORRELAZIONE ERRATA SU CLUSTER 25400;tx;sdh;pxm3;optical power rx low opr lt;roma;2024-03-11 10:39:55;2024-03-11 12:09:10
25400;"EFMTX;65eed16b5e16e30001ac4465";romaitbh/pxm3/1;CORRELAZIONE ERRATA SU CLUSTER 25400;tx;sdh;pxm3;optical power rx low opr lt;roma;2024-03-11 10:39:55;2024-03-11 12:09:11
25400;"EFMTX;65eed1e67a13f70001b9c9b5";romaitdg/pxm3/6;CORRELAZIONE ERRATA SU CLUSTER 25400;tx;sdh;pxm3;loss of signal los;roma;2024-03-11 10:41:58;2024-03-11 10:55:12
25400;"EFMTX;65eed1e87a13f70001b9c9bc";romaitdg/pxm3/6;CORRELAZIONE ERRATA SU CLUSTER 25400;tx;sdh;pxm3;loss of signal los;roma;2024-03-11 10:42:00;2024-03-11 10:55:12
25400;"EFMTX;65eed43fce901400013b6cba";romaitgck84/dxc/4;CORRELAZIONE ERRATA SU CLUSTER 25400;tx;sdh;dxc;signal degraded;roma;2024-03-11 10:51:59;2024-03-11 10:54:06
25400;"EFM;65eed4c77dcf4f000138fb72";gbtsrm171;CORRELAZIONE ERRATA SU CLUSTER 25400;mob;an;erbts;fermo parziale gsm;roma;2024-03-11 10:54:15;2024-03-11 10:59:30
25400;"EFM;65eed4d77dcf4f000138fb76";gbtsrm171;CORRELAZIONE ERRATA SU CLUSTER 25400;mob;an;erbts;fermo totale gsm;roma;2024-03-11 10:54:31;2024-03-11 10:59:29
25400;"EFMTX;65eed54acd606500014b475f";romaitgc/pxm3/1;CORRELAZIONE ERRATA SU CLUSTER 25400;tx;sdh;pxm3;apparato isolato;roma;2024-03-11 10:56:26;2024-03-11 11:08:41
25400;"EFM;65eed57e55c5eb00013030be";1btsrm264;CORRELAZIONE ERRATA SU CLUSTER 25400;mob;an;lebts;fermo parziale lte;roma;2024-03-11 10:57:18;2024-03-11 11:34:42
25400;"EFMTX;65eed6df5e16e30001ac447d";romaitbh/ad64/1;CORRELAZIONE ERRATA SU CLUSTER 25400;tx;sdh;ad64;alimentazione;roma;2024-03-11 11:03:11;2024-03-11 19:35:47
25400;"EFMTX;65eed6f77a13f70001b9d022";romaitgck83/dxc/3;CORRELAZIONE ERRATA SU CLUSTER 25400;tx;sdh;dxc;signal degraded;roma;2024-03-11 11:03:35;2024-03-11 11:14:03
25400;"EFMTX;65eed72853da8b00018bf869";romaitdg/ad16/111;CORRELAZIONE ERRATA SU CLUSTER 25400;tx;sdh;ad16;apparato isolato;roma;2024-03-11 11:04:24;2024-03-11 11:06:31
25400;"EFMTX;65eed78c7a13f70001b9d19f";romaitdg/oadm/19;CORRELAZIONE ERRATA SU CLUSTER 25400;tx;sdh;oadm;loss of pointer lop;roma;2024-03-11 11:06:04;2024-03-11 11:26:54
25400;"EFMTX;65eed7dc7a13f70001b9d1fe";romaitfv/ad64/1;CORRELAZIONE ERRATA SU CLUSTER 25400;tx;sdh;ad64;apparato isolato;roma;2024-03-11 11:07:24;2024-03-11 14:08:17
25400;"EFMTX;65eed814cd606500014b4999";romait0g522/pxm3/1;CORRELAZIONE ERRATA SU CLUSTER 25400;tx;sdh;pxm3;apparato isolato;roma;2024-03-11 11:08:20;2024-03-11 11:20:36
25400;"EFMTX;65eed81453da8b00018bf9dd";romaitgc/pxm3/10;CORRELAZIONE ERRATA SU CLUSTER 25400;tx;sdh;pxm3;apparato isolato;roma;2024-03-11 11:08:20;2024-03-11 11:20:36
25400;"EFMTX;65eed815b7f20500015aee73";romaitgc/pxm3/2;CORRELAZIONE ERRATA SU CLUSTER 25400;tx;sdh;pxm3;apparato isolato;roma;2024-03-11 11:08:20;2024-03-11 11:20:30
25400;"EFMTX;65eed8146423e50001f2a97f";romaitgc/pxm3/3;CORRELAZIONE ERRATA SU CLUSTER 25400;tx;sdh;pxm3;apparato isolato;roma;2024-03-11 11:08:20;2024-03-11 11:20:30
25400;"EFMTX;65eed814b7f20500015aee70";romaitgc/pxm3/5;CORRELAZIONE ERRATA SU CLUSTER 25400;tx;sdh;pxm3;apparato isolato;roma;2024-03-11 11:08:20;2024-03-11 11:20:30
25400;"EFMTX;65eed86147128a0001aa537f";romaitaw/ad64/1;CORRELAZIONE ERRATA SU CLUSTER 25400;tx;sdh;ad64;guasto matrice;roma;2024-03-11 11:09:37;2024-03-11 11:13:36
25400;"EFMTX;65eed8c64235370001fef96e";romaitdr/ad64/1;CORRELAZIONE ERRATA SU CLUSTER 25400;tx;sdh;ad64;apparato isolato;roma;2024-03-11 11:11:18;2024-03-11 11:21:59
25400;"EFMTX;65eed9744b89930001d0570e";romaitgcbbj/viteitcq;CORRELAZIONE ERRATA SU CLUSTER 25400;tx;sdh;;signal degraded;roma;2024-03-11 11:14:12;2024-03-11 11:18:12
25400;"EFMTX;65eed98f53da8b00018bfc9e";romaitgc/ad64/17;CORRELAZIONE ERRATA SU CLUSTER 25400;tx;sdh;ad64;signal degraded;roma;2024-03-11 11:14:39;2024-03-11 11:18:58
25961;"EFMTX;65eedd98cd606500014b4f53";romaitdgf01/pxc/1;CORRELAZIONE ERRATA SU CLUSTER 23801;tx;sdh;pxc;degrado performance segnale;roma;2024-03-11 11:31:52;2024-03-11 12:11:14
25961;"EFMTX;65eeddae06e2d20001aeb915";romaitdg/romaitdg;CORRELAZIONE ERRATA SU CLUSTER 23801;tx;sdh;;loss of signal los;roma;2024-03-11 11:32:14;2024-03-11 11:45:22
25961;"EFMTX;65eedbeb47128a0001aa564a";romaitfn/ad16/22;CORRELAZIONE ERRATA SU CLUSTER 23801;tx;sdh;ad16;loss of signal los;roma;2024-03-11 11:24:43;2024-03-13 01:23:09
25961;"EFMTX;65eedd591cf17b0001680016";romait0j744/pxm3/2;CORRELAZIONE ERRATA SU CLUSTER 23801;tx;sdh;pxm3;loss of signal los;roma;2024-03-11 11:30:40;2024-03-11 11:33:34
25961;"EFMTX;65eede7c53da8b00018c0387";romaitgc/ad64/17;CORRELAZIONE ERRATA SU CLUSTER 23801;tx;sdh;ad64;signal degraded;roma;2024-03-11 11:35:40;2024-03-11 13:10:18
25961;"EFM;65eedf1b7dcf4f000138fc19";gbtsrm171;CORRELAZIONE ERRATA SU CLUSTER 23801;mob;an;erbts;fermo parziale gsm;roma;2024-03-11 11:38:19;2024-03-11 11:39:31
25961;"EFM;65eedf1c7dcf4f000138fc1c";gbtsrm171;CORRELAZIONE ERRATA SU CLUSTER 23801;mob;an;erbts;fermo totale gsm;roma;2024-03-11 11:38:20;2024-03-11 11:39:28
25961;"EFMTX;65eee2176423e50001f2b4ff";romaitdg/oadm/35;CORRELAZIONE ERRATA SU CLUSTER 23801;tx;sdh;oadm;signal degraded;roma;2024-03-11 11:51:03;2024-03-11 18:46:41
26354;"EFMTX;65eee5a053da8b00018c0d26";romaitep/oadm/1;CORRELAZIONE ERRATA SU CLUSTER 26354;tx;sdh;oadm;problemi wdm;roma;2024-03-11 12:06:08;2024-03-11 13:13:44
26354;"EFMTX;65eee63e47128a0001aa5f01";romaitaw/ad64/1;CORRELAZIONE ERRATA SU CLUSTER 26354;tx;sdh;ad64;guasto matrice;roma;2024-03-11 12:08:46;2024-03-11 16:06:51
26354;"EFMTX;65eee70e6423e50001f2bb58";romait0l387/adm4/2;CORRELAZIONE OK CLUSTER 26354;tx;sdh;adm4;loss of pointer lop;roma;2024-03-11 12:12:14;2024-03-11 12:18:19
26354;"EFMTX;65eee70e6423e50001f2bb5a";romait0l387/adm4/2;CORRELAZIONE OK CLUSTER 26354;tx;sdh;adm4;loss of frame lof;roma;2024-03-11 12:12:14;2024-03-11 12:18:19
26354;"EFMTX;65eee70e6423e50001f2bb5c";romait0l387/adm4/2;CORRELAZIONE OK CLUSTER 26354;tx;sdh;adm4;signal degraded;roma;2024-03-11 12:12:14;2024-03-11 12:18:19
26354;"EFMTX;65eee70e6423e50001f2bb5e";romait0l387/adm4/2;CORRELAZIONE OK CLUSTER 26354;tx;sdh;adm4;loss of pointer lop;roma;2024-03-11 12:12:14;2024-03-11 12:18:19
26354;"EFMTX;65eee70f6423e50001f2bb60";romait0l387/adm4/2;CORRELAZIONE OK CLUSTER 26354;tx;sdh;adm4;payload type mismatch intermittente ho slm;roma;2024-03-11 12:12:14;2024-03-11 12:18:19
26354;"EFMTX;65eee7fbcd606500014b59b6";romait0l394/adm4/2;CORRELAZIONE OK CLUSTER 26354;tx;sdh;adm4;payload type mismatch intermittente lo slm;roma;2024-03-11 12:16:11;2024-03-11 12:18:19
26354;"EFMTX;65eee7fb1cf17b0001680c17";romaitoh/adm4/4;CORRELAZIONE OK CLUSTER 26354;tx;sdh;adm4;payload type mismatch intermittente ho slm;roma;2024-03-11 12:16:11;2024-03-11 12:18:19
26527;"EFM;65eee9c555c5eb0001303198";fbtsfr086;CORRELAZIONE OK CLUSTER 26527 - bts stesso sito;mob;an;lebts;fermo totale lte;sora;2024-03-11 12:23:49;2024-03-11 12:39:41
26527;"EFM;65eee9c622c47e0001587041";3btsfr086;CORRELAZIONE OK CLUSTER 26527 - bts stesso sito;mob;an;lebts;fermo totale lte;sora;2024-03-11 12:23:50;2024-03-11 12:40:17
26527;"EFM;65eee9e722c47e0001587044";2btsfr086;CORRELAZIONE OK CLUSTER 26527 - bts stesso sito;mob;an;lebts;fermo totale lte;sora;2024-03-11 12:24:23;2024-03-11 12:40:22
26527;"EFM;65eee9c455c5eb0001303195";fbtsfr086;CORRELAZIONE OK CLUSTER 26527 - bts stesso sito;mob;an;lebts;fermo parziale lte;sora;2024-03-11 12:23:48;2024-03-11 12:40:34
26527;"EFM;65eee9c522c47e000158703e";3btsfr086;CORRELAZIONE OK CLUSTER 26527 - bts stesso sito;mob;an;lebts;fermo parziale lte;sora;2024-03-11 12:23:49;2024-03-11 12:40:17
26527;"EFM;65eee9c522c47e000158703c";2btsfr086;CORRELAZIONE OK CLUSTER 26527 - bts stesso sito;mob;an;lebts;fermo parziale lte;sora;2024-03-11 12:23:49;2024-03-11 12:41:14
26641;"EFMTX;65eeecd16423e50001f2c0f1";romaitgc/ad16/94;CORRELAZIONE ERRATA SU CLUSTER 26641;tx;sdh;ad16;apparato isolato;roma;2024-03-11 12:36:49;2024-03-11 12:39:29
26641;"EFMTX;65eeed5b6423e50001f2c1d7";romaitgc/ad16/94;CORRELAZIONE ERRATA SU CLUSTER 26641;tx;sdh;ad16;apparato isolato;roma;2024-03-11 12:39:07;2024-03-11 13:43:45
26641;"EFMTX;65eeec591cf17b0001680fa9";romaitdm/adm4/5;CORRELAZIONE OK CLUSTER 26641;tx;sdh;adm4;loss of pointer lop;roma;2024-03-11 12:34:48;2024-03-11 12:50:22
26641;"EFMTX;65eeec591cf17b0001680faf";romaitdm/adm4/5;CORRELAZIONE OK CLUSTER 26641;tx;sdh;adm4;loss of pointer lop;roma;2024-03-11 12:34:49;2024-03-11 12:50:22
26641;"EFMTX;65eeedf4ce901400013b9a1a";romaitds/ad16/3;CORRELAZIONE ERRATA SU CLUSTER 26641;tx;sdh;ad16;apparato isolato;roma;2024-03-11 12:41:40;2024-03-11 13:48:52
26715;"EFMTX;65eeefa453da8b00018c19f6";romaitgc/pxm3/4;CORRELAZIONE ERRATA SU CLUSTER 26715;tx;sdh;pxm3;loss of signal los;roma;2024-03-11 12:48:52;2024-03-11 15:34:51
26715;"EFMTX;65eeeefecd606500014b602e";romaittg/ad16/1;CORRELAZIONE ERRATA SU CLUSTER 26715;tx;sdh;ad16;scheda guasta;roma;2024-03-11 12:46:06;2024-03-15 22:55:47
26715;"EFMTX;65eeeefecd606500014b6031";romaittg/ad16/1;CORRELAZIONE ERRATA SU CLUSTER 26715;tx;sdh;ad16;scheda guasta;roma;2024-03-11 12:46:06;2024-03-15 12:00:46
26715;"EFMTX;65eef184ce901400013ba4ad";romaithh/adm1/4;CORRELAZIONE ERRATA SU CLUSTER 26715;tx;sdh;adm1;apparato isolato;roma;2024-03-11 12:56:52;2024-03-14 08:32:12
26715;"EFMTX;65eef1844235370001ff14e8";romaithh/adm1/6;CORRELAZIONE ERRATA SU CLUSTER 26715;tx;sdh;adm1;apparato isolato;roma;2024-03-11 12:56:52;2024-03-14 08:32:12
26715;"EFMTX;65eef1896423e50001f2ca99";romaittm/ad16/7;CORRELAZIONE ERRATA SU CLUSTER 26715;tx;sdh;ad16;scheda guasta;roma;2024-03-11 12:56:57;2024-03-14 08:32:18
26715;"EFMTX;65eef17ece901400013ba49c";romaitea/adm1/14;CORRELAZIONE ERRATA SU CLUSTER 26715;tx;sdh;adm1;apparato isolato;roma;2024-03-11 12:56:46;2024-03-14 08:32:02
26715;"EFMTX;65eef17e6423e50001f2ca88";romaitgc/ad16/64;CORRELAZIONE ERRATA SU CLUSTER 26715;tx;sdh;ad16;scheda guasta;roma;2024-03-11 12:56:46;2024-03-14 08:32:06
26715;"EFMTX;65eef17fce901400013ba4a1";romaitgc/ad16/131;CORRELAZIONE ERRATA SU CLUSTER 26715;tx;sdh;ad16;scheda guasta;roma;2024-03-11 12:56:47;2024-03-14 08:32:12
26715;"EFMTX;65eef1831cf17b0001681834";romaithh/adm1/10;CORRELAZIONE ERRATA SU CLUSTER 26715;tx;sdh;adm1;apparato isolato;roma;2024-03-11 12:56:51;2024-03-14 08:32:12
26715;"EFMTX;65eef183cd606500014b6621";romaitqd/adm1/4;CORRELAZIONE ERRATA SU CLUSTER 26715;tx;sdh;adm1;apparato isolato;roma;2024-03-11 12:56:51;2024-03-14 08:32:12
26715;"EFMTX;65eef18453da8b00018c1fb4";romaitdg/adm4/1;CORRELAZIONE ERRATA SU CLUSTER 26715;tx;sdh;adm4;apparato isolato;roma;2024-03-11 12:56:52;2024-03-14 08:32:12
26715;"EFMTX;65eef1847a13f70001b9f9aa";romaithh/ad16/68;CORRELAZIONE ERRATA SU CLUSTER 26715;tx;sdh;ad16;apparato isolato;roma;2024-03-11 12:56:52;2024-03-14 08:32:13
26715;"EFMTX;65eef184cd606500014b6627";romaithh/adm1/7;CORRELAZIONE ERRATA SU CLUSTER 26715;tx;sdh;adm1;apparato isolato;roma;2024-03-11 12:56:52;2024-03-14 08:32:12
26715;"EFMTX;65eef1897a13f70001b9f9b0";romaitdg/ad16/135;CORRELAZIONE ERRATA SU CLUSTER 26715;tx;sdh;ad16;scheda guasta;roma;2024-03-11 12:56:57;2024-03-14 08:32:12
26715;"EFMTX;65eef189b7f20500015b0d6a";romaitce/ad16/1;CORRELAZIONE ERRATA SU CLUSTER 26715;tx;sdh;ad16;apparato isolato;roma;2024-03-11 12:56:57;2024-03-14 08:32:18
26715;"EFMTX;65eef189b7f20500015b0d68";romaitdg/ad16/145;CORRELAZIONE ERRATA SU CLUSTER 26715;tx;sdh;ad16;apparato isolato;roma;2024-03-11 12:56:57;2024-03-15 11:27:30
26715;"EFMTX;65eef189cd606500014b6638";romaitez/adm1/7;CORRELAZIONE ERRATA SU CLUSTER 26715;tx;sdh;adm1;apparato isolato;roma;2024-03-11 12:56:57;2024-03-14 08:32:18
26715;"EFMTX;65eef1897a13f70001b9f9b2";romaitfn/ad16/1;CORRELAZIONE ERRATA SU CLUSTER 26715;tx;sdh;ad16;apparato isolato;roma;2024-03-11 12:56:57;2024-03-14 08:32:17
26715;"EFMTX;65eef189cd606500014b6635";romaitgc/ad16/1;CORRELAZIONE ERRATA SU CLUSTER 26715;tx;sdh;ad16;apparato isolato;roma;2024-03-11 12:56:57;2024-03-14 08:32:17
26715;"EFMTX;65eef17e7a13f70001b9f994";romaitdg/ad16/135;CORRELAZIONE ERRATA SU CLUSTER 26715;tx;sdh;ad16;scheda guasta;roma;2024-03-11 12:56:46;2024-03-14 08:32:06
26715;"EFMTX;65eef1841cf17b000168183a";romaitff/ad16/1;CORRELAZIONE ERRATA SU CLUSTER 26715;tx;sdh;ad16;scheda guasta;roma;2024-03-11 12:56:52;2024-03-14 08:32:13
26715;"EFMTX;65eef1841cf17b000168183c";romaithh/adm1/16;CORRELAZIONE ERRATA SU CLUSTER 26715;tx;sdh;adm1;apparato isolato;roma;2024-03-11 12:56:52;2024-03-14 08:32:12
26715;"EFMTX;65eef184cd606500014b662a";romaithh/adm1/3;CORRELAZIONE ERRATA SU CLUSTER 26715;tx;sdh;adm1;apparato isolato;roma;2024-03-11 12:56:52;2024-03-14 08:32:13
26715;"EFMTX;65eef1def70d760001d5cbc0";romaitfe/ad16/1;CORRELAZIONE ERRATA SU CLUSTER 26715;tx;sdh;ad16;alimentazione;roma;2024-03-11 12:58:22;2024-03-14 08:32:02
26715;"EFMTX;65eef1def70d760001d5cbc1";romaitqd/adm1/3;CORRELAZIONE ERRATA SU CLUSTER 26715;tx;sdh;adm1;scheda guasta;roma;2024-03-11 12:58:22;2024-03-14 08:32:07
26715;"EFMTX;65eef1df06e2d20001aeb95d";romaitdm/ad16/1;CORRELAZIONE ERRATA SU CLUSTER 26715;tx;sdh;ad16;scheda guasta;roma;2024-03-11 12:58:23;2024-03-14 08:32:13
26715;"EFMTX;65eef1dff70d760001d5cbc2";romaithh/ad16/68;CORRELAZIONE ERRATA SU CLUSTER 26715;tx;sdh;ad16;scheda guasta;roma;2024-03-11 12:58:23;2024-03-14 08:32:13
26715;"EFMTX;65eef016cd606500014b61db";romaitdg/pxm3/10;CORRELAZIONE ERRATA SU CLUSTER 26715;tx;sdh;pxm3;loss of signal los;roma;2024-03-11 12:50:46;2024-03-11 15:05:34
26715;"EFMTX;65eef038a379550001bb4a49";romait0j744/pxm3/1;CORRELAZIONE ERRATA SU CLUSTER 26715;tx;sdh;pxm3;loss of signal los;roma;2024-03-11 12:51:20;2024-03-11 15:04:47
26715;"EFMTX;65eef189ce901400013ba4bc";romaitdm/ad16/1;CORRELAZIONE ERRATA SU CLUSTER 26715;tx;sdh;ad16;apparato isolato;roma;2024-03-11 12:56:57;2024-03-14 08:32:17
26715;"EFMTX;65eef17ece901400013ba49e";romaitev/ad16/12;CORRELAZIONE ERRATA SU CLUSTER 26715;tx;sdh;ad16;scheda guasta;roma;2024-03-11 12:56:46;2024-03-14 08:32:02
26715;"EFMTX;65eef189a379550001bb4de9";romaitez/ad16/2;CORRELAZIONE ERRATA SU CLUSTER 26715;tx;sdh;ad16;scheda guasta;roma;2024-03-11 12:56:57;2024-03-14 08:32:17
26715;"EFMTX;65eef1de06e2d20001aeb95c";romaitdr/ad16/1;CORRELAZIONE ERRATA SU CLUSTER 26715;tx;sdh;ad16;scheda guasta;roma;2024-03-11 12:58:22;2024-03-14 08:32:02
26715;"EFMTX;65eeee361cf17b000168119f";romaiteq/ad16/2;CORRELAZIONE ERRATA SU CLUSTER 26715;tx;sdh;ad16;signal degraded;roma;2024-03-11 12:42:46;2024-03-11 15:56:31
26715;"EFMTX;65eef19d6423e50001f2cab2";romaitdg/ad16/244;CORRELAZIONE ERRATA SU CLUSTER 26715;tx;sdh;ad16;loss of frame lof;roma;2024-03-11 12:57:17;2024-03-11 12:59:06
26745;"EFM;65eeeffe55c5eb00013031dc";gbtslt033;CORRELAZIONE OK CLUSTER 26745;mob;an;erbts;fermo totale gsm;saba;2024-03-11 12:50:22;2024-03-11 12:59:48
26745;"EFM;65eeeffd22c47e0001587086";gbtslt067;CORRELAZIONE OK CLUSTER 26745;mob;an;erbts;fermo totale gsm;saba;2024-03-11 12:50:21;2024-03-11 17:06:02
26745;"EFM;65eeeffd55c5eb00013031d7";gbtslt033;CORRELAZIONE OK CLUSTER 26745;mob;an;erbts;fermo parziale gsm;saba;2024-03-11 12:50:21;2024-03-11 12:59:51
26745;"EFMTX;65eeef8cb7f20500015b07d9";sabaitaf/prhu/1;CORRELAZIONE OK CLUSTER 26745;tx;sdh;prhu;loss of frame lof;saba;2024-03-11 12:48:28;2024-03-11 13:21:23
26745;"EFMTX;65eeef8cb7f20500015b07db";sabaitaf/prhu/1;CORRELAZIONE OK CLUSTER 26745;tx;sdh;prhu;loss of frame lof;saba;2024-03-11 12:48:28;2024-03-11 13:21:32
26745;"EFMTX;65eeef8db7f20500015b07dd";sabaitaf/prhu/1;CORRELAZIONE OK CLUSTER 26745;tx;sdh;prhu;anomalia rf rx;saba;2024-03-11 12:48:28;2024-03-11 13:21:26
26745;"EFMTX;65eef0ec4235370001ff1440";sabaitcq/pruh/1;CORRELAZIONE OK CLUSTER 26745;tx;sdh;pruh;apparato isolato pr;saba;2024-03-11 12:54:20;2024-03-11 13:22:20
26823;"EFMTX;65eef18353da8b00018c1faf";rommituu/adm1/2;CORRELAZIONE OK CLUSTER 26823;tx;sdh;adm1;apparato isolato;romm;2024-03-11 12:56:51;2024-03-14 08:32:12
26823;"EFMTX;65eef1844235370001ff14e6";rommituu/adm1/3;CORRELAZIONE OK CLUSTER 26823;tx;sdh;adm1;apparato isolato;romm;2024-03-11 12:56:52;2024-03-14 08:32:12
26823;"EFMTX;65eef1846423e50001f2ca8b";rommituu/adm4/1;CORRELAZIONE OK CLUSTER 26823;tx;sdh;adm4;apparato isolato;romm;2024-03-11 12:56:52;2024-03-14 08:32:12
26823;"EFMTX;65eef1de2df6860001e3ba4a";rommittt/ad16/4;CORRELAZIONE ERRATA SU CLUSTER 26823;tx;sdh;ad16;scheda guasta;romm;2024-03-11 12:58:22;2024-03-14 08:32:12
27002;"EFMTX;65eef7434b89930001d05784";romait0j744/vallitj000p;CORRELAZIONE ERRATA SU CLUSTER 27002;tx;sdh;;loss of frame lof;roma;2024-03-11 13:21:23;2024-03-11 14:08:14
27002;"EFMTX;65eef70ba379550001bb5497";romaiteqk81/dxc/1;CORRELAZIONE ERRATA SU CLUSTER 27002;tx;sdh;dxc;scheda guasta;roma;2024-03-11 13:20:27;2024-03-11 14:23:45
27002;"EFMTX;65eef7c406e2d20001aeb96d";orviitaq/romaitgc;CORRELAZIONE OK CLUSTER 27002;tx;sdh;;signal degraded;roma;2024-03-11 13:23:32;2024-03-11 14:11:02
27002;"EFMTX;65eef7c45e16e30001ac4523";orviitaq/romaitgc;CORRELAZIONE OK CLUSTER 27002;tx;sdh;;signal degraded;roma;2024-03-11 13:23:32;2024-03-11 14:11:02
27092;"EFMTX;65eef8a84235370001ff1b79";postitaf/prer/2;CORRELAZIONE OK CLUSTER 27092;tx;sdh;prer;signal degraded critical;post;2024-03-11 13:27:20;2024-03-11 13:40:10
27092;"EFMTX;65eef97fcd606500014b6f73";postitaf/prer/1;CORRELAZIONE OK CLUSTER 27092;tx;sdh;prer;signal degraded critical;post;2024-03-11 13:30:55;2024-03-11 14:11:37
27092;"EFMTX;65eef998cd606500014b6f87";postitaf/prer/1;CORRELAZIONE OK CLUSTER 27092;tx;sdh;prer;signal degraded critical;post;2024-03-11 13:31:20;2024-03-11 14:11:37
27336;"EFMTX;65eefe7c47128a0001aa7539";romaitgc/olt/6;CORRELAZIONE ERRATA SU CLUSTER 27336;tx;sdh;olt;loss of frame lof;roma;2024-03-11 13:52:12;2024-03-11 13:54:25
27336;"EFMTX;65ef010553da8b00018c34f1";romaitdg/oadm/21;CORRELAZIONE ERRATA SU CLUSTER 27336;tx;sdh;oadm;loss of signal los;roma;2024-03-11 14:02:59;2024-03-12 15:00:32
27336;"EFMTX;65eefec95e16e30001ac4546";romaitmz/adsl/100;CORRELAZIONE ERRATA SU CLUSTER 27336;tx;adsl;adsl;fermo totale apparato;roma;2024-03-11 13:53:29;2024-03-11 13:55:29
27336;"EFMTX;65eeff41a379550001bb5d46";romaitce/prer/1;CORRELAZIONE ERRATA SU CLUSTER 27336;tx;sdh;prer;signal degraded;roma;2024-03-11 13:55:29;2024-03-11 13:57:06
27336;"EFMTX;65ef008bcd606500014b7752";romaitgc/oadm/14;CORRELAZIONE ERRATA SU CLUSTER 27336;tx;sdh;oadm;loss of pointer lop;roma;2024-03-11 14:00:59;2024-03-11 14:03:05
27402;"EFMTX;65eeffec7a13f70001ba07a3";pomeitae/prer/1;CORRELAZIONE OK CLUSTER 27402;tx;sdh;prer;allarme protezione;pome;2024-03-11 13:58:20;2024-03-11 19:44:45
27402;"EFM;65ef00bb22c47e0001587167";gbtsrm3cb;CORRELAZIONE OK CLUSTER 27402;mob;an;erbts;fermo parziale gsm;pome;2024-03-11 14:01:47;2024-03-11 14:11:48
27402;"EFMTX;65eeffe9ce901400013bc189";pomeitfq/prer/1;CORRELAZIONE OK CLUSTER 27402;tx;sdh;prer;ethernet link down;pome;2024-03-11 13:58:17;2024-03-11 14:11:11
27402;"EFM;65ef00bd22c47e000158716a";gbtsrm3cb;CORRELAZIONE OK CLUSTER 27402;mob;an;erbts;fermo totale gsm;pome;2024-03-11 14:01:49;2024-03-11 14:12:40
27402;"EFMTX;65ef0109ce901400013bc345";pomeitfq/prer/1;CORRELAZIONE OK CLUSTER 27402;tx;sdh;prer;apparato isolato pr;pome;2024-03-11 14:03:05;2024-03-11 14:11:11
27402;"EFM;65ef029e55c5eb00013032c8";8btsrm24d;CORRELAZIONE OK CLUSTER 27402;mob;an;lebts;fermo totale lte;pome;2024-03-11 14:09:50;2024-03-11 14:14:26
27557;"EFMTX;65ef045fce901400013bc99c";romaitdg/pxm3/11;CORRELAZIONE ERRATA SU CLUSTER 27557;tx;sdh;pxm3;loss of signal los;roma;2024-03-11 14:17:19;2024-03-11 14:40:15
27557;"EFMTX;65ef05bca379550001bb6325";romaiteh/ad16/3;CORRELAZIONE ERRATA SU CLUSTER 27557;tx;sdh;ad16;loss of frame lof;roma;2024-03-11 14:23:08;2024-03-14 12:48:19
27557;"EFMTX;65ef060353da8b00018c3b6d";romaitbz/prer/1;CORRELAZIONE OK CLUSTER 27557;tx;sdh;prer;segnale degradato;roma;2024-03-11 14:24:19;2024-03-11 19:44:25
27557;"EFMTX;65ef06062df6860001e3ba96";romaitbz/prer/1;CORRELAZIONE OK CLUSTER 27557;tx;sdh;prer;problema xpic;roma;2024-03-11 14:24:22;2024-03-15 23:59:31
27557;"EFMTX;65ef07262df6860001e3ba9d";romaitbz/prer/1;CORRELAZIONE OK CLUSTER 27557;tx;sdh;prer;problema xpic;roma;2024-03-11 14:29:10;2024-03-11 19:44:25
27557;"EFM;65ef04f355c5eb00013032e8";1btsrm264;CORRELAZIONE ERRATA SU CLUSTER 27557;mob;an;lebts;fermo parziale lte;roma;2024-03-11 14:19:47;2024-03-11 14:40:22
27557;"EFMTX;65ef083353da8b00018c3e24";romaitbz/prer/1;CORRELAZIONE OK CLUSTER 27557;tx;sdh;prer;loss of signal los;roma;2024-03-11 14:33:39;2024-03-15 23:59:31
27557;"EFMTX;65ef058853da8b00018c3ae6";romaitgc/ad64/17;CORRELAZIONE ERRATA SU CLUSTER 27557;tx;sdh;ad64;signal degraded;roma;2024-03-11 14:22:16;2024-03-11 21:38:54
27557;"EFMTX;65ef05fa7a13f70001ba0d25";romait0g522/pxm3/2;CORRELAZIONE ERRATA SU CLUSTER 27557;tx;sdh;pxm3;loss of signal los;roma;2024-03-11 14:24:10;2024-03-11 14:41:12
27557;"EFMTX;65ef076d53da8b00018c3d16";romaitbz/prer/1;CORRELAZIONE OK CLUSTER 27557;tx;sdh;prer;problema xpic;roma;2024-03-11 14:30:21;2024-03-11 15:33:46
27557;"EFMTX;65ef076d53da8b00018c3d1a";romaitbz/prer/1;CORRELAZIONE OK CLUSTER 27557;tx;sdh;prer;problema xpic;roma;2024-03-11 14:30:21;2024-03-11 15:33:46
27791;"EFMTX;65ef09a27a13f70001ba1061";romaitgc/ad16/90;CORRELAZIONE ERRATA SU CLUSTER 27791;tx;sdh;ad16;apparato isolato;roma;2024-03-11 14:39:46;2024-03-11 14:42:15
27791;"EFMTX;65ef0a207a13f70001ba1125";romaitgc/ad16/90;CORRELAZIONE ERRATA SU CLUSTER 27791;tx;sdh;ad16;apparato isolato;roma;2024-03-11 14:41:51;2024-03-11 15:43:46
27791;"EFMTX;65ef0a117a13f70001ba1118";romaitdg/pxm3/3;CORRELAZIONE ERRATA SU CLUSTER 27791;tx;sdh;pxm3;loss of signal los;roma;2024-03-11 14:41:37;2024-03-11 15:43:46
27791;"EFMTX;65ef0a117a13f70001ba1116";romaitdg/pxm3/3;CORRELAZIONE ERRATA SU CLUSTER 27791;tx;sdh;pxm3;loss of signal los;roma;2024-03-11 14:41:37;2024-03-11 15:43:46
27791;"EFMTX;65ef0a32ce901400013bd1e4";romaitdg/pxm3/11;CORRELAZIONE ERRATA SU CLUSTER 27791;tx;sdh;pxm3;sef sef;roma;2024-03-11 14:42:10;2024-03-13 00:35:04
27791;"EFMTX;65ef0a777a13f70001ba1169";romaitdg/ad64/17;CORRELAZIONE ERRATA SU CLUSTER 27791;tx;sdh;ad64;signal degraded;roma;2024-03-11 14:43:19;2024-03-12 12:38:21
27791;"EFM;65ef0a3c7d879c0001f8ac5c";gbtsrm264;CORRELAZIONE ERRATA SU CLUSTER 27791;mob;an;erbts;fermo parziale gsm;roma;2024-03-11 14:42:20;2024-03-11 14:47:50
27791;"EFM;65ef0a3d7d879c0001f8ac5f";gbtsrm264;CORRELAZIONE ERRATA SU CLUSTER 27791;mob;an;erbts;fermo totale gsm;roma;2024-03-11 14:42:21;2024-03-11 14:47:57
27791;"EFMTX;65ef0aec1cf17b0001682d99";romaitdc/adm1/4;CORRELAZIONE ERRATA SU CLUSTER 27791;tx;sdh;adm1;loss of frame lof;roma;2024-03-11 14:45:16;2024-03-11 14:49:15
27791;"EFMTX;65ef0b1b1cf17b0001682db5";romaitdg/ad64/17;CORRELAZIONE ERRATA SU CLUSTER 27791;tx;sdh;ad64;scheda guasta;roma;2024-03-11 14:46:03;2024-03-11 14:49:01
27972;"EFMTX;65ef0d8df70d760001d5cc2e";frositba/prer/2;CORRELAZIONE OK CLUSTER 27972;tx;sdh;prer;lof;fros;2024-03-11 14:56:29;2024-03-11 17:10:43
27972;"EFMTX;65ef0d8ba379550001bb6a79";frositba/prer/2;CORRELAZIONE OK CLUSTER 27972;tx;sdh;prer;allarme interno;fros;2024-03-11 14:56:27;2024-03-11 17:10:24
27972;"EFMTX;65ef0d87a379550001bb6a76";frositba/prer/2;CORRELAZIONE OK CLUSTER 27972;tx;sdh;prer;problema xpic;fros;2024-03-11 14:56:23;2024-03-11 17:10:43
27972;"EFMTX;65ef0d877a13f70001ba1452";frosithh/prer/1;CORRELAZIONE OK CLUSTER 27972;tx;sdh;prer;signal degraded critical;fros;2024-03-11 14:56:23;2024-03-11 17:12:38
27972;"EFMTX;65ef0d78a379550001bb6a6e";frositba/prer/2;CORRELAZIONE OK CLUSTER 27972;tx;sdh;prer;segnale degradato;fros;2024-03-11 14:56:08;2024-03-11 16:03:46
28068;"EFMTX;65ef0ef8a379550001bb6bad";capoitah/ptn3/1;CORRELAZIONE OK CLUSTER 28068;tx;ptn;ptn3;ethernetlinkdown link down;capo;2024-03-11 15:02:32;2024-03-12 23:56:45
28068;"EFMTX;65ef10171cf17b00016831bb";capoitam/ptn3/1;CORRELAZIONE OK CLUSTER 28068;tx;ptn;ptn3;ethernetlinkdown link down;capo;2024-03-11 15:07:19;2024-03-12 23:56:45
28068;"EFMTX;65ef11081cf17b00016832d7";capoitam/ptn3/1;CORRELAZIONE OK CLUSTER 28068;tx;ptn;ptn3;ethernetlinkdown link down;capo;2024-03-11 15:11:20;2024-03-12 23:56:46
28068;"EFMTX;65ef12231cf17b000168339d";capoitam/ptn3/1;CORRELAZIONE OK CLUSTER 28068;tx;ptn;ptn3;ethernetlinkdown link down;capo;2024-03-11 15:16:03;2024-03-13 08:14:38
28077;"EFMTX;65ef108347128a0001aa810a";romaitgc/olt/6;CORRELAZIONE ERRATA SU CLUSTER 28077;tx;sdh;olt;loss of frame lof;roma;2024-03-11 15:09:07;2024-03-11 15:27:42
28077;"EFM;65ef0fbc7d879c0001f8accd";gbtsrm171;CORRELAZIONE ERRATA SU CLUSTER 28077;mob;an;erbts;fermo totale gsm;roma;2024-03-11 15:05:48;2024-03-11 15:18:11
28077;"EFMTX;65ef0f3dcd606500014b86d1";romaitdg/pxm3/10;CORRELAZIONE ERRATA SU CLUSTER 28077;tx;sdh;pxm3;loss of signal los;roma;2024-03-11 15:03:41;2024-03-11 16:03:46
28077;"EFMTX;65ef11c7ce901400013bdbd8";romaitgck84/dxc/4;CORRELAZIONE ERRATA SU CLUSTER 28077;tx;sdh;dxc;signal degraded;roma;2024-03-11 15:14:04;2024-03-11 17:04:18
28077;"EFM;65ef0fbb7d879c0001f8acca";gbtsrm171;CORRELAZIONE ERRATA SU CLUSTER 28077;mob;an;erbts;fermo parziale gsm;roma;2024-03-11 15:05:47;2024-03-11 15:18:12
28077;"EFMTX;65ef11c8ce901400013bdbda";romaitgck84/dxc/4;CORRELAZIONE ERRATA SU CLUSTER 28077;tx;sdh;dxc;signal degraded;roma;2024-03-11 15:14:04;2024-03-11 17:04:18
28262;"EFMTX;65ef135dce901400013bddbf";romaitdgf01/pxc/1;CORRELAZIONE ERRATA SU CLUSTER 28262;tx;sdh;pxc;problemi wdm;roma;2024-03-11 15:21:17;2024-03-11 15:27:58
28262;"EFMTX;65ef135c47128a0001aa82bb";romaitde/ad16/3;CORRELAZIONE OK CLUSTER 28262;tx;sdh;ad16;signal degraded;roma;2024-03-11 15:21:16;2024-03-11 15:45:09
28262;"EFMTX;65ef135f47128a0001aa82be";romaitde/ad16/3;CORRELAZIONE OK CLUSTER 28262;tx;sdh;ad16;loss of pointer lop;roma;2024-03-11 15:21:19;2024-03-11 15:49:57
28262;"EFMTX;65ef136147128a0001aa82c5";romaitde/ad16/3;CORRELAZIONE OK CLUSTER 28262;tx;sdh;ad16;loss of pointer lop;roma;2024-03-11 15:21:20;2024-03-11 15:49:58
28262;"EFMTX;65ef136147128a0001aa82c9";romaitde/ad16/3;CORRELAZIONE OK CLUSTER 28262;tx;sdh;ad16;loss of pointer lop;roma;2024-03-11 15:21:21;2024-03-11 15:49:58
28262;"EFMTX;65ef13ad5e16e30001ac4598";romaitdt/romaitgck87;CORRELAZIONE ERRATA SU CLUSTER 28262;tx;sdh;;loss of pointer lop;roma;2024-03-11 15:22:37;2024-03-11 15:53:31
28387;"EFMTX;65ef15d153da8b00018c4ee4";viteitae/ad64/1;CORRELAZIONE OK CLUSTER 28387;tx;sdh;ad64;signal degraded;vite;2024-03-11 15:31:45;2024-03-11 22:09:58
28387;"EFMTX;65ef15b8a379550001bb71e0";viteitah/ad64/1;CORRELAZIONE OK CLUSTER 28387;tx;sdh;ad64;signal degraded;vite;2024-03-11 15:31:20;2024-03-11 22:29:26
28387;"EFMTX;65ef1665a379550001bb727e";viteitah/ad64/1;CORRELAZIONE OK CLUSTER 28387;tx;sdh;ad64;signal degraded;vite;2024-03-11 15:34:13;2024-03-11 19:18:05
28474;"EFMTX;65ef1a6fcd606500014b916c";romaitdgk85/dxc/5;CORRELAZIONE OK CLUSTER 28474;tx;sdh;dxc;guasto matrice;roma;2024-03-11 15:51:27;2024-03-11 21:13:04
28474;"EFMTX;65ef1a6fcd606500014b916e";romaitdgk85/dxc/5;CORRELAZIONE OK CLUSTER 28474;tx;sdh;dxc;guasto matrice;roma;2024-03-11 15:51:27;2024-03-12 16:30:44
28474;"EFMTX;65ef188ba379550001bb74aa";romaitgck85/dxc/5;CORRELAZIONE OK CLUSTER 28474;tx;sdh;dxc;signal degraded;roma;2024-03-11 15:43:23;2024-03-11 17:55:09
28474;"EFMTX;65ef1a357a13f70001ba1fd3";romaitgck83/dxc/3;CORRELAZIONE ERRATA SU CLUSTER 28474;tx;sdh;dxc;signal degraded;roma;2024-03-11 15:49:16;2024-03-11 16:41:01
28474;"EFMTX;65ef1a357a13f70001ba1fd5";romaitgck83/dxc/3;CORRELAZIONE ERRATA SU CLUSTER 28474;tx;sdh;dxc;signal degraded;roma;2024-03-11 15:49:16;2024-03-11 16:41:01
28624;"EFMTX;65ef1df81cf17b0001683d4f";romaitgck92/odxc/3;CORRELAZIONE ERRATA SU CLUSTER 28624;tx;sdh;odxc;loss of frame lof;roma;2024-03-11 16:06:32;2024-03-12 14:45:36
28624;"EFMTX;65ef1d396423e50001f2f975";romaitdm/adm4/5;CORRELAZIONE ERRATA SU CLUSTER 28624;tx;sdh;adm4;loss of pointer lop;roma;2024-03-11 16:03:21;2024-03-11 21:22:03
28624;"EFMTX;65ef1d3c6423e50001f2f980";romaitdm/adm4/5;CORRELAZIONE ERRATA SU CLUSTER 28624;tx;sdh;adm4;loss of pointer lop;roma;2024-03-11 16:03:23;2024-03-11 21:21:52
28624;"EFMTX;65ef1d3c6423e50001f2f987";romaitdm/adm4/5;CORRELAZIONE ERRATA SU CLUSTER 28624;tx;sdh;adm4;loss of pointer lop;roma;2024-03-11 16:03:24;2024-03-11 21:21:52
28624;"EFMTX;65ef1d146423e50001f2f954";romaitdm/adm4/5;CORRELAZIONE ERRATA SU CLUSTER 28624;tx;sdh;adm4;loss of pointer lop;roma;2024-03-11 16:02:43;2024-03-11 19:03:50
28624;"EFMTX;65ef1d146423e50001f2f956";romaitdm/adm4/5;CORRELAZIONE ERRATA SU CLUSTER 28624;tx;sdh;adm4;loss of pointer lop;roma;2024-03-11 16:02:43;2024-03-11 19:03:50
28624;"EFMTX;65ef1bf947128a0001aa8841";romaitde/ad16/3;CORRELAZIONE ERRATA SU CLUSTER 28624;tx;sdh;ad16;loss of pointer lop;roma;2024-03-11 15:58:01;2024-03-11 16:21:39
28624;"EFMTX;65ef1d13cd606500014b9506";romaitgc/oadm/14;CORRELAZIONE ERRATA SU CLUSTER 28624;tx;sdh;oadm;loss of signal los;roma;2024-03-11 16:02:43;2024-03-11 16:28:06
